City,Country,Cloudiness,Date,Humidity,Lat,Lng,Max Temp,Windspeed
mataura,NZ,0,1586559974,74,-46.19,168.86,59.0,5.99
surt,LY,48,1586559974,57,31.21,16.59,58.71,9.69
cidreira,BR,5,1586559975,77,-30.18,-50.21,64.67,6.71
punta arenas,CL,75,1586559975,75,-53.15,-70.92,44.6,9.17
bluff,NZ,0,1586559975,74,-46.6,168.33,59.0,5.99
saint george,US,1,1586559975,36,37.1,-113.58,66.0,21.92
narsaq,GL,100,1586559976,26,60.92,-46.05,44.6,32.21
zhanakorgan,KZ,89,1586559976,49,43.91,67.25,46.29,6.96
kapaa,US,1,1586559976,54,22.08,-159.32,80.6,14.99
mumford,GH,100,1586559976,82,5.26,-0.76,80.8,7.07
aklavik,CA,75,1586559976,38,68.22,-135.01,24.8,8.05
thompson,CA,90,1586559779,43,55.74,-97.86,33.8,6.67
ushuaia,AR,75,1586559977,73,-54.8,-68.3,44.6,18.34
quimper,FR,0,1586559977,50,48,-4.1,57.2,3.36
bredasdorp,ZA,69,1586559977,87,-34.53,20.04,59.0,6.93
broken hill,AU,40,1586559978,24,-31.95,141.43,68.0,13.87
verkhnyaya inta,RU,100,1586559978,96,65.98,60.31,21.61,16.02
yarada,IN,40,1586559978,88,17.65,83.27,77.0,2.24
saint-philippe,RE,73,1586559780,73,-21.36,55.77,77.0,14.99
khatanga,RU,92,1586559979,96,71.97,102.5,30.99,21.07
nisia floresta,BR,20,1586559979,83,-6.09,-35.21,80.6,5.82
constantine,DZ,75,1586559976,93,36.37,6.61,53.6,3.36
kieta,PG,10,1586559979,70,-6.22,155.63,84.81,4.63
kajaani,FI,26,1586559980,79,64.23,27.73,21.2,3.36
mastic beach,US,20,1586559702,45,40.77,-72.85,46.99,27.51
constitucion,CL,30,1586559980,86,-35.33,-72.42,54.14,9.04
hamilton,US,40,1586559980,37,39.18,-84.53,50.0,12.75
qaanaaq,GL,28,1586559981,76,77.48,-69.36,5.74,7.27
severo-kurilsk,RU,79,1586559981,95,50.68,156.12,31.64,8.61
albany,US,75,1586559735,48,42.6,-73.97,44.6,20.8
fortuna,US,75,1586559981,81,40.6,-124.16,57.0,11.41
horsham,GB,45,1586559982,81,51.06,-0.33,57.2,5.82
georgetown,MY,20,1586559982,88,5.41,100.34,82.4,5.82
norman wells,CA,20,1586559982,42,65.28,-126.83,30.2,10.29
dhidhdhoo,MV,0,1586559983,64,6.88,73.1,84.31,2.98
barrow,US,90,1586559846,77,71.29,-156.79,-2.2,10.29
torbay,CA,90,1586559913,100,47.67,-52.73,39.99,11.41
puerto ayora,EC,40,1586559818,70,-0.74,-90.35,84.2,6.93
rawson,AR,61,1586559983,40,-43.3,-65.1,72.27,18.77
marawi,PH,50,1586559984,62,8,124.29,75.31,2.24
hobyo,SO,92,1586559984,70,5.35,48.53,82.33,8.81
viedma,AR,0,1586559984,41,-40.81,-63,68.7,17.45
nurlat,RU,100,1586559984,57,54.43,50.81,42.46,17.76
port alfred,ZA,49,1586559985,86,-33.59,26.89,64.76,4.05
pauini,BR,85,1586559985,88,-7.71,-66.98,77.09,0.63
griffith,US,20,1586559751,39,41.53,-87.42,52.0,8.05
zhigansk,RU,0,1586559716,95,66.77,123.37,24.94,12.41
yellowknife,CA,75,1586559750,61,62.46,-114.35,19.0,16.11
kargasok,RU,0,1586559986,97,59.06,80.86,25.97,7.7
upernavik,GL,0,1586559986,86,72.79,-56.15,11.26,10.38
east london,ZA,96,1586559986,77,-33.02,27.91,69.04,4.05
coihaique,CL,90,1586559756,66,-45.58,-72.07,50.0,3.36
weiser,US,1,1586559987,20,44.25,-116.97,77.0,4.7
pacific grove,US,1,1586559740,67,36.62,-121.92,68.0,12.75
burnie,AU,37,1586559987,59,-41.07,145.92,55.0,14
marsh harbour,BS,16,1586559913,84,26.54,-77.06,75.27,15.52
jamestown,US,90,1586559988,59,42.1,-79.24,39.2,23.04
kozhva,RU,100,1586559988,97,65.11,57.05,20.41,12.95
vaini,TO,40,1586559988,69,-21.2,-175.2,80.6,11.41
butaritari,KI,100,1586559988,74,3.07,172.79,84.7,9.82
tiksi,RU,68,1586559971,93,71.69,128.87,23.34,26.69
willmar,US,1,1586559989,29,45.12,-95.04,51.8,9.17
kodiak,US,1,1586559989,69,57.79,-152.41,39.2,10.29
bengkulu,ID,99,1586559989,80,-3.8,102.27,77.63,4.59
atuona,PF,79,1586559990,78,-9.8,-139.03,82.24,11.1
sao filipe,CV,2,1586559990,79,14.9,-24.5,74.46,13.71
broome,US,90,1586559990,55,42.25,-75.83,39.99,12.75
portland,US,20,1586559841,45,45.52,-122.68,72.0,5.82
mildura,AU,75,1586559991,67,-34.2,142.15,62.01,12.75
comodoro rivadavia,AR,75,1586559991,55,-45.87,-67.5,66.2,3.36
healesville,AU,75,1586559991,81,-37.65,145.52,57.99,18.34
kavaratti,IN,0,1586559991,70,10.57,72.64,84.13,6.11
araouane,ML,0,1586559908,12,18.9,-3.53,84.36,6.02
saskylakh,RU,92,1586559993,93,71.92,114.08,28.17,19.35
olafsvik,IS,36,1586559993,80,64.89,-23.71,36.52,13.82
anadyr,RU,0,1586559993,84,64.75,177.48,-2.0,6.71
new norfolk,AU,75,1586559993,71,-42.78,147.06,54.0,4.7
teguldet,RU,82,1586559994,97,57.31,88.17,30.04,4.85
busselton,AU,64,1586559994,51,-33.65,115.33,68.0,11.79
flinders,AU,40,1586559994,63,-34.58,150.86,69.01,6.93
marovoay,MG,75,1586559994,61,-16.1,46.63,80.6,6.93
tual,ID,60,1586559995,72,-5.67,132.75,83.64,7.49
nalut,LY,95,1586559995,25,30.33,10.85,67.57,15.19
raudeberg,NO,25,1586559995,80,61.99,5.14,41.0,9.17
poya,NC,49,1586559996,56,-21.35,165.15,78.66,3.22
kayes,ML,0,1586559996,11,14,-11,86.72,4.79
hithadhoo,MV,37,1586559723,61,-0.6,73.08,84.34,6.89
cabo san lucas,MX,40,1586559987,36,22.89,-109.91,78.01,13.87
jijiga,ET,55,1586559997,47,9.35,42.8,67.3,8.41
wakema,MM,36,1586559997,94,16.6,95.18,73.56,5.53
little elm,US,5,1586559943,30,33.16,-96.94,73.99,6.93
pangnirtung,CA,28,1586559997,81,66.15,-65.71,13.57,3.56
berlevag,NO,100,1586559998,89,70.86,29.09,26.98,21.34
taunggyi,MM,85,1586559998,40,20.78,97.03,60.8,2.17
tateyama,JP,20,1586559998,43,34.98,139.87,52.0,11.41
okha,RU,0,1586559999,92,53.57,142.95,28.83,4.56
arraial do cabo,BR,75,1586559850,88,-22.97,-42.03,71.6,3.36
isiro,CD,87,1586559999,80,2.77,27.62,68.2,1.19
makokou,GA,82,1586559999,83,0.57,12.86,71.83,1.52
tasiilaq,GL,99,1586560000,67,65.61,-37.64,23.0,3.53
vila velha,BR,90,1586560000,88,-20.33,-40.29,73.4,1.12
kralendijk,BQ,85,1586559843,78,12.15,-68.27,82.4,18.34
moanda,GA,99,1586560000,84,-1.56,13.22,72.54,2.19
hobart,AU,75,1586560001,71,-42.88,147.33,54.0,4.7
saint-georges,GD,20,1586560001,78,12.06,-61.75,82.4,10.29
namibe,AO,8,1586560001,58,-15.2,12.15,75.92,6.53
vaitape,PF,97,1586560002,74,-16.52,-151.75,84.06,8.7
touros,BR,20,1586560002,83,-5.2,-35.46,80.6,5.82
ouango,CF,72,1586560002,80,4.31,22.56,72.72,2.26
rikitea,PF,86,1586560002,74,-23.12,-134.97,77.43,7.4
beyneu,KZ,40,1586560003,67,45.32,55.2,44.06,12.19
ilulissat,GL,10,1586560003,63,69.22,-51.1,30.2,4.7
socorro,US,5,1586559859,12,31.65,-106.3,77.0,6.93
half moon bay,US,20,1586559860,59,37.46,-122.43,69.01,12.75
lakes entrance,AU,66,1586560004,83,-37.88,147.98,57.0,1.01
clyde river,CA,75,1586559785,85,70.47,-68.59,10.4,18.34
luderitz,NA,0,1586560004,82,-26.65,15.16,57.2,3.36
abu dhabi,AE,100,1586560004,15,24.47,54.37,91.4,4.7
kruisfontein,ZA,0,1586560005,58,-34,24.73,57.81,4.52
kununurra,AU,90,1586560005,94,-15.77,128.73,69.8,1.12
ketchikan,US,1,1586560005,39,55.34,-131.65,50.0,13.87
port elizabeth,ZA,75,1586560005,100,-33.92,25.57,59.0,3.36
diffa,NE,100,1586560006,15,13.32,12.61,83.59,9.53
haines junction,CA,0,1586560006,71,60.75,-137.51,29.37,4.05
nikolskoye,RU,75,1586560006,80,59.7,30.79,33.8,6.71
chulman,RU,60,1586560006,69,56.85,124.91,31.37,3.53
yuanping,CN,0,1586560007,40,38.72,112.76,43.79,4.72
killybegs,IE,99,1586560007,94,54.63,-8.45,52.0,5.99
makakilo city,US,90,1586560007,64,21.35,-158.09,82.4,9.17
hilo,US,75,1586559771,61,19.73,-155.09,80.6,8.05
dankaur,IN,40,1586560008,46,28.35,77.55,88.0,1.48
darhan,MN,0,1586560008,36,49.49,105.92,46.85,1.72
shimoda,JP,77,1586560008,44,34.67,138.95,51.01,1.01
avarua,CK,100,1586560009,89,-21.21,-159.78,84.2,6.93
pevek,RU,100,1586560009,88,69.7,170.31,6.08,22.95
barao de melgaco,BR,75,1586560011,62,-16.19,-55.97,84.2,4.7
bethel,US,90,1586560011,48,41.37,-73.41,46.99,10.29
baykit,RU,97,1586560011,94,61.67,96.37,28.24,4.94
amapa,BR,95,1586560011,91,1,-52,71.2,2.04
mar del plata,AR,0,1586559742,72,-38,-57.56,60.8,8.05
san policarpo,PH,99,1586560012,70,12.18,125.51,82.2,8.1
palembang,ID,40,1586560012,94,-2.92,104.75,77.0,3.36
cururupu,BR,69,1586560012,89,-1.83,-44.87,78.76,5.73
sorland,NO,100,1586560012,82,67.67,12.69,33.85,17.29
bambous virieux,MU,40,1586560013,78,-20.34,57.76,79.0,13.87
ahipara,NZ,28,1586559713,63,-35.17,173.17,64.81,4.12
kudahuvadhoo,MV,16,1586560013,66,2.67,72.89,83.84,2.48
taketa,JP,100,1586560014,81,32.97,131.38,48.2,4.7
senno,RU,72,1586560014,93,59.53,33.92,29.03,3.76
castro,BR,27,1586560014,63,-24.79,-50.01,55.06,3.33
mae chan,TH,86,1586560014,77,20.15,99.85,71.01,3.36
shenzhen,CN,40,1586559982,88,22.55,114.07,73.99,14.99
fayaoue,NC,82,1586560015,62,-20.65,166.53,76.19,7.56
udachnyy,RU,2,1586560015,62,66.42,112.4,24.8,11.18
murgab,TM,90,1586560015,87,37.5,61.97,51.8,6.93
falmouth,GB,80,1586560015,81,50.15,-5.07,59.0,17.22
caravelas,BR,71,1586560016,85,-17.71,-39.25,77.65,14.2
chuy,UY,0,1586559779,84,-33.7,-53.46,61.65,6.78
vestmannaeyjar,IS,100,1586559784,86,63.44,-20.27,43.75,8.61
provideniya,RU,100,1586559718,93,64.38,-173.3,14.2,13.6
rabo de peixe,PT,20,1586560017,77,37.8,-25.58,59.0,9.17
minot,US,75,1586559728,24,48.23,-101.3,55.99,5.82
tuatapere,NZ,0,1586560017,74,-46.13,167.68,59.0,5.99
yarkovo,RU,23,1586560017,90,57.4,67.08,34.27,5.79
meulaboh,ID,90,1586560018,82,4.14,96.13,78.49,4.21
chalons-en-champagne,FR,43,1586560018,62,48.95,4.37,59.0,8.05
morden,CA,1,1586560018,40,49.19,-98.1,51.8,8.05
dunedin,NZ,0,1586560018,82,-45.87,170.5,55.0,4
songjianghe,CN,5,1586560019,40,42.19,127.48,43.72,4.68
cookeville,US,1,1586559870,27,36.16,-85.5,55.99,6.93
ancud,CL,20,1586560019,82,-41.87,-73.82,55.4,3.36
ust-tsilma,RU,100,1586560019,96,65.44,52.15,16.02,5.01
laramie,US,90,1586560020,10,41.31,-105.59,66.2,16.11
the valley,AI,20,1586559819,70,18.22,-63.06,84.2,6.93
mata,PT,62,1586560020,93,40.68,-7.46,55.0,1.68
hermanus,ZA,69,1586560020,98,-34.42,19.23,61.0,4.41
neiafu,TO,30,1586560021,65,-18.65,-173.98,77.79,7.63
airai,TL,5,1586560021,63,-8.93,125.41,66.74,1.63
dikson,RU,97,1586560021,95,73.51,80.55,9.77,10.27
ngunguru,NZ,0,1586560022,67,-35.62,174.5,69.01,4
byron bay,AU,18,1586559891,88,-28.65,153.62,77.0,5.82
leningradskiy,RU,38,1586560022,87,69.38,178.42,10.76,8.21
korem,ET,93,1586560022,35,12.51,39.52,57.02,0.56
rio grande,BR,0,1586559810,80,-32.03,-52.1,63.91,10.36
melo,UY,18,1586560023,87,-32.37,-54.18,56.32,7.05
borovoy,RU,33,1586560024,74,55.43,86.08,28.4,4.47
san quintin,MX,28,1586560024,66,30.48,-115.95,61.03,11.61
laguna,US,20,1586559954,46,38.42,-121.42,73.99,7.87
orange walk,BZ,40,1586560024,70,17.83,-88.83,87.8,11.41
ranong,TH,71,1586560025,82,9.97,98.63,80.19,3.42
mahebourg,MU,40,1586560025,78,-20.41,57.7,79.0,13.87
sioux lookout,CA,90,1586560025,44,50.1,-91.92,41.0,8.05
mathbaria,BD,0,1586559908,93,22.29,89.96,75.51,1.52
palmer,US,90,1586560026,70,42.16,-72.33,46.0,17.22
champerico,GT,58,1586560026,67,14.3,-91.92,85.51,9.73
makasar,ID,20,1586559757,100,-5.14,119.42,75.2,2.24
harper,LR,26,1586560026,82,4.38,-7.72,81.14,7.07
victoria,HK,40,1586559999,88,22.29,114.16,73.99,14.99
gutierrez,CO,75,1586560027,83,4.25,-74,77.0,6.93
juba,SS,85,1586560027,47,4.85,31.58,82.47,2.89
hammerfest,NO,100,1586559873,92,70.66,23.68,26.6,4.7
knysna,ZA,4,1586560028,93,-34.04,23.05,55.4,4.7
grand gaube,MU,40,1586560028,78,-20.01,57.66,79.0,13.87
nuevo progreso,MX,70,1586560028,66,23.17,-97.95,87.01,7
chokurdakh,RU,40,1586560028,96,70.63,147.92,23.54,13.87
oranjemund,NA,11,1586560029,84,-28.55,16.43,55.45,3.49
luangwa,ZM,21,1586560029,68,-15.62,30.42,70.81,5.7
cape town,ZA,63,1586560029,93,-33.93,18.42,62.01,6.93
tahoua,NE,98,1586560029,28,14.89,5.27,81.12,10.98
kolomak,UA,30,1586560030,66,49.84,35.3,41.07,10.38
boffa,GN,71,1586560030,87,10.17,-14.03,77.83,2.26
varkaus,FI,41,1586560030,86,62.32,27.87,28.4,5.82
vila,PT,75,1586560030,100,42.03,-8.16,57.99,1.39
kiama,AU,40,1586560031,63,-34.68,150.87,69.01,6.93
kongolo,CD,70,1586560031,82,-5.38,27,69.96,2.73
praia da vitoria,PT,20,1586559748,87,38.73,-27.07,60.8,9.53
cayenne,GF,75,1586560031,83,4.93,-52.33,80.6,5.82
san luis,AR,0,1586559807,41,-33.3,-66.34,63.48,16.28
esperance,AU,40,1586560032,87,-33.87,121.9,59.0,5.82
kaitangata,NZ,0,1586560032,54,-46.28,169.85,61.03,2.75
mabaruma,GY,94,1586559785,78,8.2,-59.78,77.25,6.67
tura,IN,0,1586560033,48,25.52,90.22,70.88,2.95
yumen,CN,0,1586560033,26,40.28,97.2,40.53,17.67
upington,ZA,9,1586560033,68,-28.45,21.26,71.6,6.93
ostrovnoy,RU,49,1586560034,94,68.05,39.51,14.34,11.27
noumea,NC,20,1586559791,54,-22.28,166.46,80.01,3.36
tigil,RU,39,1586560034,94,57.8,158.67,20.8,1.74
dong hoi,VN,92,1586560034,88,17.48,106.6,77.07,2.91
innisfail,AU,97,1586560035,84,-17.53,146.03,73.99,3
tamiahua,MX,40,1586560035,80,21.27,-97.45,81.36,7.36
lebu,CL,78,1586560035,91,-37.62,-73.65,56.77,9.71
saint anthony,US,1,1586560036,29,45.02,-93.22,50.0,8.05
villa bruzual,VE,98,1586560036,36,9.33,-69.12,90.86,1.03
batagay-alyta,RU,32,1586560036,88,67.8,130.41,23.11,9.08
vostok,RU,49,1586560036,61,46.49,135.88,34.56,4.79
lewiston,US,40,1586560037,69,44.1,-70.21,39.99,17.22
bloomingdale,US,40,1586560037,54,27.89,-82.24,86.0,9.17
tjome,NO,0,1586560037,74,59.11,10.39,39.2,5.82
bere,TD,88,1586560037,39,9.32,16.16,86.99,6.53
goderich,CA,0,1586560038,66,43.75,-81.72,39.0,12.91
kalevala,RU,96,1586560038,94,65.2,31.17,22.21,5.3
vanavara,RU,100,1586560038,86,60.34,102.28,32.2,7.54
dubrovytsya,UA,1,1586560038,71,51.57,26.57,37.4,5.46
kota belud,MY,20,1586560039,88,6.35,116.43,78.01,3.36
meghri,AM,91,1586560039,54,38.9,46.24,45.66,4.32
carnarvon,AU,85,1586560039,100,-24.87,113.63,73.4,5.82
necochea,AR,0,1586560039,86,-38.55,-58.74,57.0,5.99
meiganga,CM,100,1586560040,65,6.52,14.3,70.18,1.7
ha giang,VN,97,1586559907,75,22.83,104.98,74.25,0.29
kharp,RU,98,1586560040,94,66.8,65.81,16.97,11.16
sarkand,KZ,1,1586560040,50,45.41,79.92,35.67,1.88
tahara,JP,40,1586560040,53,34.67,137.27,53.01,19.46
staryy nadym,RU,100,1586560041,98,65.61,72.68,33.24,12.44
kuusamo,FI,85,1586560041,78,65.97,29.18,14.0,2.24
chapada dos guimaraes,BR,75,1586560041,62,-15.46,-55.75,84.2,4.7
esperanza,DO,20,1586560042,74,19.58,-70.98,84.0,5.82
alofi,NU,48,1586560042,69,-19.06,-169.92,82.4,8.05
kodinsk,RU,93,1586560042,92,58.69,99.18,31.21,4.25
vodnyy,RU,100,1586560042,96,63.5,53.41,23.09,9.8
dingle,PH,36,1586560043,71,11,122.67,81.21,10.67
korla,CN,99,1586560043,26,41.76,86.15,53.58,7.85
urubicha,BO,20,1586560043,56,-15.38,-62.95,69.57,2.98
tommot,RU,97,1586560043,72,58.96,126.29,36.19,7.25
taoudenni,ML,0,1586560044,13,22.68,-3.98,84.0,5.48
marquette,US,90,1586559862,51,46.53,-87.63,37.99,10.29
sungairaya,ID,100,1586560044,86,0.7,108.9,78.26,4.29
realeza,BR,18,1586560045,71,-25.77,-53.53,55.76,3.44
mvuma,ZW,87,1586560045,61,-19.28,30.53,55.06,4.03
gravdal,NO,98,1586559784,83,68.12,13.5,34.11,18.1
kifri,IQ,6,1586560045,51,34.7,44.97,60.13,1.88
nuuk,GL,99,1586560045,74,64.18,-51.72,33.8,8.05
walvis bay,NA,3,1586560046,83,-22.96,14.51,64.0,5.99
faya,SA,87,1586560046,68,18.39,42.45,68.0,5.82
kahului,US,1,1586560046,45,20.89,-156.47,84.2,13.87
mount isa,AU,99,1586560047,25,-20.73,139.5,73.4,11.41
morgan city,US,1,1586560047,49,29.7,-91.21,73.4,11.41
tautira,PF,100,1586560047,66,-17.73,-149.15,89.6,13.87
stornoway,GB,100,1586560047,100,58.21,-6.39,50.0,12.75
kokkola,FI,90,1586560048,64,63.84,23.13,36.0,5.82
warwick,US,90,1586560048,86,41.7,-71.42,46.0,10.29
auburn,US,75,1586559875,51,47.31,-122.23,68.0,6.93
kindu,CD,88,1586560048,84,-2.95,25.95,71.8,1.72
crotone,IT,0,1586560049,65,39.09,17.12,56.5,4.85
lata,PT,75,1586560049,87,40.16,-8.33,59.0,4.7
adrar,MR,0,1586560049,14,20.5,-10.07,80.8,10.92
bethanien,NA,4,1586560049,18,-26.5,17.16,67.89,3.58
bambari,CF,23,1586560050,67,5.77,20.68,75.4,1.83
coquimbo,CL,3,1586559970,59,-29.95,-71.34,64.4,10.29
pecos,US,1,1586560050,44,31.42,-103.49,79.0,17.22
ribeira grande,PT,21,1586560050,75,38.52,-28.7,61.83,4.81
iwanai,JP,76,1586560051,69,42.97,140.51,40.19,5.84
puerto escondido,MX,40,1586560051,79,15.85,-97.07,86.0,10.29
chimbote,PE,20,1586560051,78,-9.09,-78.58,73.99,9.48
kimbe,PG,64,1586560051,57,-5.55,150.14,89.8,1.63
ibra,OM,84,1586560051,42,22.69,58.53,78.48,3.27
san carlos de bariloche,AR,75,1586560017,87,-41.15,-71.31,53.6,18.34
nerchinskiy zavod,RU,0,1586560052,42,51.31,119.61,43.65,4
huarmey,PE,55,1586560053,75,-10.07,-78.15,74.71,6.73
menongue,AO,100,1586560053,64,-14.66,17.69,62.83,5.44
faanui,PF,97,1586560053,74,-16.48,-151.75,83.23,8.77
lethem,GY,89,1586560053,62,3.38,-59.8,84.38,10.76
manjacaze,MZ,36,1586560053,85,-24.71,33.88,65.05,3.24
kidero,RU,70,1586560054,51,42.19,45.96,26.06,1.72
geraldton,AU,2,1586560054,77,-28.77,114.6,64.4,10.29
zabol,AF,82,1586560054,39,32.25,67.25,53.69,4.52
acari,PE,23,1586560054,68,-15.43,-74.62,74.39,3.02
najran,SA,5,1586559790,36,17.49,44.13,78.8,4.94
vychegodskiy,RU,44,1586560055,97,61.25,46.9,23.45,4.81
souillac,MU,40,1586560055,78,-20.52,57.52,79.0,13.87
codrington,AU,63,1586560055,61,-38.27,141.97,54.84,29.35
nelson bay,AU,9,1586560055,60,-32.72,152.15,70.0,21.92
sitka,US,1,1586559905,36,57.05,-135.33,46.4,4.7
lasa,IT,5,1586560056,40,46.62,10.7,48.0,3.36
marsaxlokk,MT,21,1586560056,93,35.84,14.54,57.0,3.36
awbari,LY,5,1586560056,24,26.59,12.78,67.06,11.59
salalah,OM,40,1586559928,83,17.02,54.09,80.6,4.7
katsuura,JP,20,1586560057,43,35.13,140.3,52.0,11.41
matane,CA,90,1586559920,92,48.83,-67.52,32.0,10.29
biak,ID,18,1586560057,71,-0.91,122.88,81.28,4.88
basco,PH,74,1586560057,75,20.45,121.97,75.88,12.03
brae,GB,100,1586560058,93,60.4,-1.35,44.6,20.8
saint-francois,FR,0,1586560058,76,46.42,3.91,48.2,1.12
slave lake,CA,1,1586559806,64,55.28,-114.77,33.8,12.75
bintulu,MY,90,1586560059,94,3.17,113.03,77.0,2.24
llanes,ES,98,1586560059,97,43.42,-4.75,59.0,1.72
yulara,AU,9,1586560059,43,-25.24,130.99,55.4,4.7
belmonte,BR,40,1586560059,88,-15.86,-38.88,77.0,3.36
savinka,RU,31,1586560060,58,50.08,47.1,42.51,14.03
elko,US,1,1586560060,19,41,-115.5,61.0,5.82
plettenberg bay,ZA,14,1586560060,55,-34.05,23.37,62.98,2.75
pilar,BR,68,1586560060,88,-9.6,-35.96,78.8,5.82
halifax,CA,75,1586559766,74,44.65,-63.57,37.99,18.34
port lincoln,AU,99,1586560061,62,-34.73,135.87,61.72,14.54
semey,KZ,0,1586560061,92,50.41,80.23,26.6,4.47
novoanninskiy,RU,75,1586560062,57,50.53,42.67,50.0,4
guerrero negro,MX,7,1586560062,60,27.98,-114.06,63.73,18.86
jibuti,DJ,90,1586560062,78,11.5,42.5,82.4,3.36
burns lake,CA,49,1586560062,46,54.23,-125.75,41.11,8.37
palmerston,AU,75,1586560063,88,-12.49,130.98,75.99,10.29
los llanos de aridane,ES,75,1586560063,77,28.66,-17.92,68.0,5.82
andros town,BS,9,1586560063,69,24.7,-77.77,82.4,12.75
chateau-thierry,FR,64,1586560063,58,49.05,3.4,61.0,2.24
sangmelima,CM,100,1586560064,81,2.93,11.98,69.51,4.54
sampit,ID,72,1586560064,94,-2.53,112.95,77.59,1.72
linxia,CN,29,1586560064,27,35.6,103.21,39.4,2.17
grindavik,IS,90,1586560064,93,63.84,-22.43,42.8,12.75
tokur,RU,1,1586560065,64,53.13,132.9,33.6,0.87
caraguatatuba,BR,8,1586560065,63,-23.63,-45.49,66.2,9.17
palasa,IN,0,1586560065,57,18.77,84.42,79.23,6.78
antalaha,MG,47,1586560065,85,-14.9,50.28,76.19,10.8
maraa,BR,100,1586560065,96,-1.83,-65.37,75.56,3.11
moyale,KE,31,1586560066,56,3.52,39.06,69.08,4.16
beringovskiy,RU,100,1586560066,94,63.05,179.32,9.88,15.86
pytalovo,RU,99,1586560066,81,57.07,27.91,35.04,8.19
port hawkesbury,CA,75,1586560066,74,45.62,-61.35,39.0,14.99
lucea,JM,20,1586560067,74,18.45,-78.17,84.99,10.29
cockburn town,TC,0,1586560067,71,21.46,-71.14,79.02,2.59
longyearbyen,SJ,20,1586560067,76,78.22,15.64,-5.8,4.7
lavrentiya,RU,100,1586560067,94,65.58,-171,14.16,10.47
antsohihy,MG,16,1586560068,73,-14.88,47.99,76.73,9.57
ponta do sol,PT,20,1586560068,63,32.67,-17.1,66.2,9.17
adamovka,RU,48,1586560068,64,51.52,59.94,39.47,7.45
edd,ER,50,1586560068,77,13.93,41.69,81.68,8.86
litovko,RU,1,1586560068,60,49.24,135.17,41.09,9.06
ponta delgada,PT,20,1586559939,77,37.73,-25.67,59.0,9.17
mengcheng,CN,100,1586560069,88,33.26,116.57,45.28,10.16
saint-pierre,RE,62,1586560069,73,-21.34,55.48,77.0,14.99
fort nelson,CA,75,1586560070,76,58.81,-122.7,32.0,14.99
nome,US,90,1586560070,86,64.5,-165.41,28.0,12.75
katangli,RU,100,1586560070,95,51.71,143.23,27.72,7.18
bousso,TD,88,1586560070,13,10.48,16.71,89.8,6.22
san patricio,MX,5,1586560070,78,19.22,-104.7,80.6,11.41
qaqortoq,GL,100,1586560071,26,60.72,-46.03,44.6,32.21
barsovo,RU,100,1586560071,80,61.17,73.17,33.8,8.95
changji,CN,100,1586560072,56,44.02,87.32,44.6,4.47
scarborough,GB,100,1586559994,71,54.28,-0.4,60.01,5.82
erenhot,CN,0,1586560072,38,43.65,111.98,39.92,5.21
sisimiut,GL,80,1586560072,89,66.94,-53.67,30.13,8.55
campagna,IT,0,1586560073,63,40.67,15.11,51.01,2.21
port blair,IN,84,1586560073,68,11.67,92.75,82.24,7.94
qax,AZ,75,1586560073,70,41.42,46.92,46.4,4.7
turbat,PK,40,1586560073,37,26,63.04,80.69,1.36
poronaysk,RU,62,1586560073,91,49.22,143.12,29.3,12.3
purranque,CL,86,1586560074,82,-40.92,-73.17,60.8,5.82
manokwari,ID,2,1586560074,65,-0.87,134.08,83.26,1.34
udimskiy,RU,53,1586560074,96,61.14,45.91,22.87,4.79
diego de almagro,CL,1,1586560075,56,-26.37,-70.05,58.08,0.51
kavieng,PG,99,1586560075,73,-2.57,150.8,84.11,5.12
bilma,NE,79,1586560075,14,18.69,12.92,79.43,14.05
bubaque,GW,59,1586560076,78,11.28,-15.83,78.53,16.22
namie,JP,20,1586560076,60,37.48,141,48.99,11.41
jerome,US,1,1586560076,28,42.72,-114.52,73.99,14.99
bastia,FR,0,1586560076,81,42.67,9.33,59.0,2.24
klaksvik,FO,100,1586560077,93,62.23,-6.59,44.6,8.05
tuktoyaktuk,CA,20,1586560077,72,69.45,-133.04,10.4,6.93
fereydun kenar,IR,75,1586560077,81,36.69,52.52,50.0,4.7
alugan,PH,98,1586560077,70,12.22,125.48,82.15,8.08
bara,NG,86,1586560078,26,10.37,10.73,80.56,3.71
gemena,CD,72,1586560078,78,3.25,19.77,74.14,1.28
bathsheba,BB,20,1586559853,69,13.22,-59.52,80.6,10.29
khani,GE,90,1586560078,87,41.96,42.96,50.0,2.24
kismayo,SO,70,1586560079,79,-0.36,42.55,83.21,11.05
san ramon,US,75,1586559942,59,37.78,-121.98,70.0,14.99
ruy barbosa,BR,75,1586560079,82,-12.28,-40.49,74.12,6.08
mana,GF,91,1586560079,83,5.66,-53.78,77.58,8.52
zhezkazgan,KZ,99,1586560080,63,47.8,67.71,37.69,9.6
iqaluit,CA,40,1586560080,72,63.75,-68.51,14.0,2.24
sechura,PE,50,1586560080,68,-5.56,-80.82,77.02,14.5
izumo,JP,40,1586560081,80,35.37,132.77,41.0,10.29
moron,AR,0,1586560081,72,-34.65,-58.62,64.99,10.29
straubing,DE,1,1586560082,61,48.88,12.57,54.0,2.98
kupang,ID,40,1586560082,100,-10.17,123.58,75.2,4.7
nokaneng,BW,99,1586560082,64,-19.67,22.27,66.67,4.83
pyapon,MM,26,1586560082,89,16.28,95.68,73.67,2.42
tucuman,AR,75,1586560082,60,-26.82,-65.22,71.6,4.7
bac lieu,VN,98,1586560083,74,9.29,105.72,81.57,10.67
brenes,ES,60,1586560083,88,37.55,-5.87,63.0,6.93
santa cruz,BO,20,1586560083,36,-17.8,-63.17,80.6,4.7
aden,YE,10,1586559838,77,12.78,45.04,81.23,14.12
muros,ES,75,1586560084,100,42.78,-9.06,57.99,2.24
henties bay,NA,6,1586560084,83,-22.12,14.28,64.0,6.13
barmer,IN,0,1586560084,24,25.75,71.38,81.57,9.31
xichang,CN,28,1586560084,41,27.9,102.26,55.87,2.62
iralaya,HN,20,1586560086,62,15,-83.23,89.6,9.17
along,IN,0,1586560086,49,28.17,94.77,61.86,4.52
aktau,KZ,18,1586560086,80,43.65,51.2,35.6,6.71
conceicao do araguaia,BR,64,1586560087,84,-8.26,-49.26,77.38,2.04
ayagoz,KZ,0,1586560087,68,47.97,80.44,32.25,12.64
bulgan,MN,0,1586560087,34,48.81,103.53,42.46,2.28
koumac,NC,57,1586560087,58,-20.57,164.28,79.99,2.64
tigzirt,DZ,95,1586560088,82,36.89,4.12,59.11,5.77
pinotepa de don luis,MX,0,1586560088,36,16.42,-97.92,84.0,6.69
conakry,GN,20,1586560088,79,9.54,-13.68,84.2,6.93
tenenkou,ML,11,1586560089,35,14.46,-4.92,83.77,5.17
hasaki,JP,20,1586560089,45,35.73,140.83,52.0,3.36
sumenep,ID,91,1586560089,78,-7.02,113.87,82.24,6.22
villazon,BO,4,1586560089,19,-22.09,-65.59,51.01,4.27
waddan,LY,61,1586560090,43,29.16,16.14,58.86,11.83
hofn,IS,100,1586560090,87,64.25,-15.21,41.07,12.1
rincon,US,75,1586559915,19,32.3,-81.24,69.8,6.93
abnub,EG,0,1586560017,48,27.27,31.15,60.8,12.75
vokhtoga,RU,0,1586560090,93,58.81,41.05,28.18,3.38
okhotsk,RU,0,1586560091,91,59.38,143.3,29.3,6.31
komsomolskiy,UZ,100,1586560091,70,40.43,71.72,48.2,3.24
balakhta,RU,0,1586560091,91,55.38,91.6,25.09,3.58
kloulklubed,PW,75,1586560091,88,7.04,134.26,78.8,4.7
ampanihy,MG,8,1586560092,82,-24.7,44.75,69.51,9.89
tessalit,ML,61,1586560092,15,20.2,1.01,82.24,8.32
marfino,RU,2,1586560092,81,55.7,37.38,35.6,2.24
benjamin aceval,PY,11,1586560092,46,-24.97,-57.57,71.6,6.93
micheweni,TZ,99,1586560093,79,-4.97,39.83,83.14,19.66
kiruna,SE,57,1586560093,73,67.86,20.23,19.4,6.93
pierre,US,1,1586560023,25,44.37,-100.35,61.0,3.36
bouafle,CI,55,1586560093,100,6.99,-5.74,73.0,4.29
sabang,ID,87,1586560020,78,5.89,95.32,83.01,11.99
dhemaji,IN,0,1586560094,55,27.48,94.58,67.75,4.16
aykhal,RU,34,1586560094,62,66,111.5,24.8,11.18
kriva palanka,MK,1,1586559952,37,42.2,22.33,55.4,4.41
bonthe,SL,63,1586560094,85,7.53,-12.51,81.48,6.26
zhirnovsk,RU,100,1586560095,57,50.98,44.77,45.5,13.44
kaili,ID,62,1586560095,68,-3.46,120.21,74.82,2.93
balkhash,KZ,18,1586560096,67,46.84,74.98,36.66,11.83
kaseda,JP,99,1586560096,93,31.42,130.32,44.6,4.7
deputatskiy,RU,66,1586560096,90,69.3,139.9,21.94,23.17
baijiantan,CN,6,1586560096,57,45.63,85.18,42.87,2.84
uyemskiy,RU,40,1586560097,85,64.47,40.85,21.2,3.65
nampula,MZ,75,1586560097,88,-15.12,39.27,71.6,9.17
talcahuano,CL,68,1586560097,82,-36.72,-73.12,59.0,5.82
huangmei,CN,100,1586560097,85,30.19,116.03,54.12,11.54
padang,ID,70,1586560098,77,-0.95,100.35,78.62,4.61
chor,PK,0,1586560098,37,25.52,69.77,81.27,5.91
corner brook,CA,90,1586559856,92,48.97,-57.95,39.2,5.82
leirvik,NO,94,1586560099,80,59.78,5.5,39.99,5.82
dongsheng,CN,0,1586560099,36,39.82,109.98,36.25,8.14
dasoguz,TM,6,1586560099,52,41.84,59.97,46.4,6.93
bilibino,RU,64,1586560099,82,68.05,166.44,4.51,4.09
yinchuan,CN,0,1586559843,32,38.47,106.27,42.13,5.93
nanortalik,GL,100,1586560100,88,60.14,-45.24,32.83,6.33
lagoa,PT,15,1586560100,75,39.05,-27.98,61.41,6.98
vila franca do campo,PT,20,1586560100,77,37.72,-25.43,59.0,9.17
kirakira,SB,73,1586560101,62,-10.45,161.92,85.66,5.93
oksfjord,NO,96,1586560101,92,70.24,22.35,28.4,9.17
nantucket,US,90,1586560101,80,41.28,-70.1,44.6,14.99
namatanai,PG,89,1586559844,72,-3.67,152.43,83.88,6.73
tadine,NC,37,1586560101,55,-21.55,167.88,79.0,7.34
nemuro,JP,20,1586560102,92,43.32,145.57,31.24,13.15
itarema,BR,100,1586559908,85,-2.92,-39.92,79.3,5.68
ronne,DK,37,1586560102,86,55.1,14.71,39.2,6.93
venice,US,40,1586559883,69,27.1,-82.45,82.0,12.75
gizo,SB,65,1586560103,73,-8.1,156.84,84.74,8.79
senneterre,CA,90,1586560103,68,48.38,-77.23,30.2,16.11
ust-kuyga,RU,50,1586560103,91,70.02,135.6,27.23,13.04
port hedland,AU,0,1586560103,88,-20.32,118.57,71.6,5.82
leeuwarden,NL,90,1586560104,75,53.2,5.81,48.99,5.82
penzance,GB,92,1586560083,81,50.12,-5.54,59.0,17.22
ilhabela,BR,9,1586560104,64,-23.78,-45.36,69.89,1.66
pingliang,CN,0,1586560104,33,35.54,106.69,40.98,2.39
hit,IQ,18,1586560105,40,33.64,42.83,64.99,5.91
bileca,BA,0,1586560105,21,42.87,18.43,69.8,18.34
cabra,ES,62,1586560105,59,37.47,-4.44,62.6,2.24
koslan,RU,41,1586560105,96,63.46,48.9,19.98,5.88
novobirilyussy,RU,30,1586560106,90,56.95,90.67,31.17,5.73
hoima,UG,44,1586560106,60,1.44,31.34,67.1,4.38
djibo,BF,80,1586560106,20,14.1,-1.63,85.75,9.08
burla,IN,4,1586560106,26,21.5,83.87,73.99,1.16
gorin,RU,0,1586560107,69,51.2,136.67,38.62,3.56
eyl,SO,26,1586560107,70,7.98,49.82,81.18,8.37
chicama,PE,65,1586560107,70,-7.84,-79.15,75.9,7.05
cherskiy,RU,100,1586560107,91,68.75,161.3,12.56,22.32
flin flon,CA,90,1586560108,74,54.77,-101.86,33.8,10.29
asyut,EG,0,1586560108,48,27.18,31.18,60.8,12.75
fukue,JP,95,1586560108,60,32.69,128.84,56.77,7.67
sao joao da barra,BR,96,1586560108,82,-21.64,-41.05,72.9,5.48
indianola,US,40,1586560109,32,41.36,-93.56,52.0,8.05
zeya,RU,0,1586560109,60,53.75,127.27,41.65,3.4
praya,CV,17,1586560109,57,14.92,-23.51,77.0,18.34
ozernovskiy,RU,60,1586560109,89,51.5,156.52,31.42,3.49
jalu,LY,1,1586560097,60,29.03,21.55,57.02,9.66
gorontalo,ID,20,1586560110,70,0.54,123.06,82.2,3.78
ust-koksa,RU,0,1586560110,72,50.27,85.61,22.42,3.11
port keats,AU,79,1586560110,87,-14.25,129.55,73.58,12.46
todos santos,MX,40,1586560111,60,23.45,-110.22,78.01,20.8
hovd,MN,100,1586560111,36,48.01,91.64,40.23,1.83
boddam,GB,100,1586560111,87,57.47,-1.78,54.0,3.36
torrington,US,90,1586560111,42,41.8,-73.12,46.99,18.34
gagra,GE,90,1586560112,87,43.33,40.22,50.0,4.47
te anau,NZ,9,1586560112,55,-45.42,167.72,57.78,6.96
narrabri,AU,90,1586560112,93,-30.32,149.78,60.8,3.36
sorong,ID,13,1586560112,67,-0.88,131.25,84.85,2.91
asau,RO,67,1586560097,45,46.43,26.4,45.0,11.41
kalmunai,LK,45,1586559821,75,7.42,81.82,81.1,6.02
roma,US,90,1586560113,69,43.21,-75.46,41.0,16.11
avera,US,1,1586560113,22,33.19,-82.53,69.8,9.17
chapais,CA,1,1586559907,37,49.78,-74.85,37.4,17.22
balurghat,IN,0,1586560114,71,25.22,88.77,72.55,5.01
satana,IN,0,1586560114,17,20.58,74.2,78.08,5.01
skjervoy,NO,100,1586560114,92,70.03,20.97,31.66,22.68
meadow lake,US,20,1586560114,10,34.8,-106.54,72.0,16.11
lewisporte,CA,75,1586560115,100,49.25,-55.05,37.0,20.8
hibbing,US,40,1586560115,35,47.43,-92.94,46.4,8.05
mishkino,RU,1,1586560115,79,55.34,63.92,37.22,8.43
port macquarie,AU,40,1586560109,100,-31.43,152.92,69.01,3.36
waipawa,NZ,0,1586560116,72,-41.41,175.52,63.0,21.92
mount gambier,AU,75,1586560117,62,-37.83,140.77,55.4,20.8
namwala,ZM,94,1586560117,70,-15.75,26.44,62.19,3.76
belgrade,RS,9,1586559844,43,44.8,20.47,51.8,4.7
soavinandriana,MG,15,1586560117,62,-19.17,46.73,53.64,4.54
chunskiy,RU,100,1586560118,85,56.08,99.63,33.67,6.46
athabasca,CA,87,1586560118,72,54.72,-113.29,31.71,12.82
ostersund,SE,58,1586560118,80,63.18,14.64,30.2,11.41
petropavlovsk-kamchatskiy,RU,38,1586560118,64,53.05,158.65,33.8,2.24
coahuayana,MX,5,1586560119,27,18.73,-103.68,91.4,17.22
petawawa,CA,90,1586560119,48,45.9,-77.33,41.0,13.87
husavik,IS,75,1586560119,90,66.04,-17.34,32.0,9.17
labuhan,ID,60,1586560119,85,-6.88,112.21,79.88,5.3
bahia honda,CU,14,1586560119,77,22.9,-83.16,80.2,5.06
vikhorevka,RU,40,1586560120,55,56.12,101.16,35.6,11.18
chipinge,ZW,97,1586560120,66,-20.19,32.62,56.41,2.35
leshukonskoye,RU,40,1586560032,95,64.9,45.76,15.46,2.68
vrangel,RU,78,1586560120,68,42.73,133.08,41.02,11.95
sidney,AU,0,1586559968,56,-33.87,151.21,71.01,14.99
ribeira brava,PT,20,1586560121,63,32.65,-17.07,66.2,9.17
kroya,ID,10,1586560121,82,-7.63,109.25,80.37,1.74
gat,IL,75,1586560121,87,31.61,34.76,57.2,6.93
saldanha,ZA,47,1586560121,87,-33.01,17.94,60.8,2.24
port-gentil,GA,74,1586560122,85,-0.72,8.78,81.5,10.87
tongren,CN,100,1586560122,78,27.72,109.19,52.84,8.43
severobaykalsk,RU,44,1586560122,59,55.65,109.32,37.76,1.5
rocha,UY,5,1586560122,89,-34.48,-54.33,57.83,3.96
zagyvaszanto,HU,68,1586560123,57,47.78,19.67,55.99,9.17
puerto maldonado,PE,0,1586560123,61,-12.6,-69.18,72.48,2.39
bosilegrad,RS,5,1586560123,53,42.5,22.47,45.37,5.66
sumbe,AO,22,1586560123,87,-11.21,13.84,76.98,2.84
udala,ES,75,1586560124,87,43.08,-2.51,62.6,1.12
paamiut,GL,99,1586560124,77,61.99,-49.67,36.55,3.38
xining,CN,0,1586560124,28,36.62,101.77,34.25,2.21
gwembe,ZM,83,1586560124,62,-16.5,27.61,60.19,2.71
krasnyy chikoy,RU,0,1586560125,40,50.36,108.75,44.24,2.95
storforshei,NO,85,1586560125,91,66.4,14.52,21.67,2.46
pisco,PE,0,1586560125,30,-13.7,-76.22,73.0,23.04
homer,US,1,1586560125,51,59.64,-151.55,39.2,6.93
talnakh,RU,40,1586560126,92,69.49,88.4,19.4,20.13
kattivakkam,IN,40,1586560126,83,13.22,80.32,84.0,7.81
yuci,CN,1,1586560126,92,37.68,112.73,28.4,2.24
helong,CN,5,1586560127,37,42.54,129,48.74,9.91
ipixuna,BR,75,1586560127,100,-1.76,-48.8,75.2,5.82
furth im wald,DE,83,1586560127,66,49.31,12.84,53.01,2.24
yaan,NG,95,1586560128,67,7.38,8.57,83.01,3.53
zemio,CF,55,1586560128,66,5.03,25.14,73.78,3.18
ambulu,ID,83,1586560128,78,-8.35,113.61,79.57,3.6
aegviidu,EE,57,1586560128,69,59.29,25.61,35.6,13.87
yining,CN,100,1586560129,82,29.04,114.56,53.28,7.23
tsogni,GA,78,1586560129,86,-2.79,10.1,79.68,8.14
